approach,component,weight,variance
zero_mean,1,0.024250514838017736,7140.762388375574
zero_mean,2,0.15851675824634853,0.12007696449626083
zero_mean,3,0.2072241788863405,0.8079657893233845
zero_mean,4,0.2742683207233178,3.8744293866086124
zero_mean,5,0.16499193515689298,0.3040304502121148
zero_mean,6,0.17074829214908804,25.29619465805358
