approach,component,weight,variance
zero_mean,1,0.019279476149785105,8487.174736175812
zero_mean,2,0.15219793487554809,0.12549591044256675
zero_mean,3,0.20351124357662773,0.8423600307314889
zero_mean,4,0.3203374418975811,4.108823483340633
zero_mean,5,0.16452835729238907,0.33452728661422415
zero_mean,6,0.14014554620807487,31.989454511408642
