approach,component,weight,variance
zero_mean,1,0.19931115435044894,19.378973424268114
zero_mean,2,0.1855071827204631,1.3083999298540718
zero_mean,3,0.19684412838260731,0.19431488396450036
zero_mean,4,0.20020863451949886,3.1298067794274953
zero_mean,5,0.18683567423330133,0.24841973984962945
zero_mean,6,0.031293225793685424,1608.107422114852
