approach,component,weight,variance
zero_mean,1,0.019244766686048177,7877.673577248891
zero_mean,2,0.15708099549438018,0.1368696323957342
zero_mean,3,0.20147688252166532,0.7881093406738112
zero_mean,4,0.300175295775812,4.141122209526599
zero_mean,5,0.16744992205455356,0.3011142584107748
zero_mean,6,0.1545721374675469,30.89498794903597
