approach,component,weight,variance
zero_mean,1,0.02100494695372933,12535.369051611502
zero_mean,2,0.1529166887586085,0.096402476338849
zero_mean,3,0.19383731396975662,0.8709466524393681
zero_mean,4,0.3418858931749225,3.743213890835729
zero_mean,5,0.15563768103291659,0.27226529472281125
zero_mean,6,0.13471747611007207,29.655069970050032
