approach,component,weight,variance
zero_mean,1,0.02110157491302707,12877.09695578541
zero_mean,2,0.14498828974444664,0.10171459435984306
zero_mean,3,0.2012544672912985,0.9927714050956705
zero_mean,4,0.3370183079415706,4.08991745313894
zero_mean,5,0.15451316583780472,0.3232678278062607
zero_mean,6,0.14112419427185785,36.12986426259425
