approach,component,weight,variance
zero_mean,1,0.02461244920632935,11162.127947520707
zero_mean,2,0.15593821204284095,0.12848461212457715
zero_mean,3,0.1931083214770844,0.7126488563425661
zero_mean,4,0.3015352791251724,3.934364771457409
zero_mean,5,0.16433266200028251,0.2876336027181564
zero_mean,6,0.16047307614829479,29.01080409099495
