approach,component,weight,variance
zero_mean,1,0.01974866869247248,13250.629360762985
zero_mean,2,0.15594434444945643,0.13768990100845574
zero_mean,3,0.19556627289490666,0.7973894955585054
zero_mean,4,0.28185257459787527,3.889624678734278
zero_mean,5,0.16343301450188863,0.27088644179870414
zero_mean,6,0.18345512486340565,27.33420966387546
