approach,component,weight,variance
zero_mean,1,0.024199126810991674,10679.350449638252
zero_mean,2,0.15789967631611335,0.10818247853497616
zero_mean,3,0.20724989083562365,0.838969048820438
zero_mean,4,0.2733868141016842,3.5588556137697114
zero_mean,5,0.16242085433695708,0.30034283119569893
zero_mean,6,0.17484363759863497,25.488803660272875
