approach,component,weight,variance
zero_mean,1,0.016234153379414647,8770.009081034728
zero_mean,2,0.15713596497110183,0.13540459812941194
zero_mean,3,0.2160055374219243,0.9336565207744855
zero_mean,4,0.27403570653403925,3.8456448243593435
zero_mean,5,0.16610988002520163,0.31387621054797427
zero_mean,6,0.17047875766832327,30.637156083949826
